Arrival_Time,x,y,z
23-02-2015 18:33,-0.5650316,-9.572019,-0.61411273
23-02-2015 18:33,-0.83258367,-9.713276,-0.60693014
23-02-2015 18:33,-1.0181342,-9.935339,-0.54408234
23-02-2015 18:33,-1.2228385,-10.142437,-0.5662287
23-02-2015 18:33,-1.5771804,-10.480618,-0.40282443
23-02-2015 18:33,-2.1643584,-10.920552,-0.18375498
23-02-2015 18:33,-2.973,-11.063007,0.21188685
23-02-2015 18:33,-3.8881836,-11.08276,0.6847417
23-02-2015 18:33,-4.8919525,-10.890625,1.01574
23-02-2015 18:33,-12.600683,-7.674015,-1.1791444
23-02-2015 18:33,-9.214086,-4.5567646,0.2172738
23-02-2015 18:33,-9.214086,-4.5567646,0.2172738
23-02-2015 18:33,-9.240421,-4.104859,0.22325931
23-02-2015 18:33,-9.273342,-3.7295678,0.24061728
23-02-2015 18:33,-9.1668,-3.6703112,-0.729633
23-02-2015 18:33,-9.153033,-3.6056678,-0.7326257
23-02-2015 18:33,-9.1512375,-3.6122518,-0.74519527
23-02-2015 18:33,-9.202713,-3.6463692,-0.729633
23-02-2015 18:33,-9.288904,-3.7361517,-0.7266402
23-02-2015 18:33,-9.2907,-3.7720647,-0.7302315
23-02-2015 18:33,-9.2308445,-3.809175,-0.7799112
23-02-2015 18:33,-9.1350765,-3.7391446,-0.7733272
23-02-2015 18:33,-9.127894,-3.6703112,-0.82779527
23-02-2015 18:33,-9.196129,-3.626617,-0.8523358
23-02-2015 18:33,-9.236232,-3.7128084,-0.8038532
23-02-2015 18:33,-9.200917,-3.6846764,-0.7152678
23-02-2015 18:33,-9.148843,-3.650559,-0.6919243
23-02-2015 18:33,-9.152434,-3.6170402,-0.682946
23-02-2015 18:33,-9.221867,-3.7014358,-0.7781156
23-02-2015 18:33,-9.314642,-3.6116533,-0.7338228
23-02-2015 18:33,-9.3499565,-3.5571852,-0.75477207
23-02-2015 18:33,-9.238028,-3.620033,-0.6985083
23-02-2015 18:33,-9.302073,-3.5637693,-0.82360536
23-02-2015 18:33,-9.25359,-3.7134068,-0.81283146
23-02-2015 18:33,-9.231443,-3.751714,-0.83737206
23-02-2015 18:33,-9.231443,-3.7445314,-0.8451532
23-02-2015 18:33,-9.207501,-3.6134489,-0.7410054
23-02-2015 18:33,-9.144653,-3.6302083,-0.6775591
23-02-2015 18:33,-9.106346,-3.6463692,-0.6631939
23-02-2015 18:33,-9.110536,-3.6780925,-0.6907272
23-02-2015 18:33,-9.100959,-3.7373488,-0.6733692
23-02-2015 18:33,-9.100959,-3.7978024,-0.66738373
23-02-2015 18:33,-9.10455,-3.803788,-0.712275
23-02-2015 18:33,-9.119514,-3.763685,-0.7469909
23-02-2015 18:33,-9.112331,-3.7714663,-0.8571242
23-02-2015 18:33,-9.141661,-3.755904,-0.85293436
23-02-2015 18:33,-9.156625,-3.7253778,-0.86969376
23-02-2015 18:33,-9.154829,-3.7565024,-0.90859956
23-02-2015 18:33,-9.181764,-3.7541082,-0.89543146
23-02-2015 18:33,-9.141062,-3.7660792,-0.8888474
23-02-2015 18:33,-9.143456,-3.7666779,-0.85891986
23-02-2015 18:33,-9.0842,-3.738546,-0.84335756
23-02-2015 18:33,-9.050082,-3.7588966,-0.84575176
23-02-2015 18:33,-9.045294,-3.7487214,-0.91458505
23-02-2015 18:33,-9.009381,-3.7062242,-0.91937345
23-02-2015 18:33,-9.04709,-3.709217,-0.9528923
23-02-2015 18:33,-9.081805,-3.719991,-1.0235212
23-02-2015 18:33,-9.109339,-3.7487214,-0.99419224
23-02-2015 18:33,-9.102755,-3.739743,-1.0360907
23-02-2015 18:33,-9.108142,-3.7247794,-1.0193313
23-02-2015 18:33,-9.160814,-3.6936548,-1.0498575
23-02-2015 18:33,-9.196129,-3.6595373,-1.0654198
23-02-2015 18:33,-9.264363,-3.627814,-1.1204864
23-02-2015 18:33,-9.340978,-3.614646,-1.0941502
23-02-2015 18:33,-9.355942,-3.5859156,-1.168969
23-02-2015 18:33,-9.300875,-3.484162,-1.1905168
23-02-2015 18:33,-9.22426,-3.4237084,-1.2192472
23-02-2015 18:33,-9.172785,-3.3530796,-1.2294226
23-02-2015 18:33,-9.094974,-3.3369186,-1.2659341
23-02-2015 18:33,-9.022549,-3.359065,-1.2120646
23-02-2015 18:33,-9.019556,-3.3728316,-1.086369
23-02-2015 18:33,-8.986636,-3.4237084,-1.01574
23-02-2015 18:33,-8.944737,-3.502717,-0.9552865
23-02-2015 18:33,-8.933365,-3.558981,-0.93493575
23-02-2015 18:33,-8.945336,-3.5847185,-0.9415198
23-02-2015 18:33,-8.978855,-3.6176388,-0.9032126
23-02-2015 18:33,-9.050681,-3.6541502,-0.9056068
23-02-2015 18:33,-9.102157,-3.70383,-0.96665895
23-02-2015 18:33,-9.180567,-3.7469256,-1.003769
23-02-2015 18:33,-9.237429,-3.8253357,-1.0139444
23-02-2015 18:33,-9.2787285,-3.8905778,-1.009156
23-02-2015 18:33,-9.279327,-3.957017,-1.01574
23-02-2015 18:33,-9.336189,-4.000711,-0.97025025
23-02-2015 18:33,-9.307459,-4.0521865,-0.9684546
23-02-2015 18:33,-9.297882,-4.0581717,-0.94092125
23-02-2015 18:33,-9.281123,-4.0545807,-0.9959879
23-02-2015 18:33,-9.2907,-4.03004,-0.95947635
23-02-2015 18:33,-9.312247,-4.0019083,-0.95827925
23-02-2015 18:33,-9.294291,-3.98874,-0.91458505
23-02-2015 18:33,-9.271546,-3.965995,-0.943914
23-02-2015 18:33,-9.205706,-3.9294837,-0.8996213
23-02-2015 18:33,-9.192537,-3.9013517,-0.8912416
23-02-2015 18:33,-9.1668,-3.9067385,-0.9498995
23-02-2015 18:33,-9.162011,-3.8983588,-0.9959879
23-02-2015 18:33,-9.255983,-3.9085343,-1.0522517
23-02-2015 18:33,-9.283517,-3.876811,-1.0881647
23-02-2015 18:33,-9.312247,-3.8630445,-1.1246762
23-02-2015 18:33,-9.324219,-3.8426938,-1.1186907
23-02-2015 18:33,-9.303867,-3.8720226,-1.0720038
23-02-2015 18:37,-9.40596,-3.2478943,0.17771912
23-02-2015 18:37,-9.386917,-3.2193298,0.14201355
23-02-2015 18:37,-9.379776,-3.233612,0.10392761
23-02-2015 18:37,-9.394058,-3.278839,0.14201355
23-02-2015 18:37,-9.367874,-3.2407532,0.21342468
23-02-2015 18:37,-9.34169,-3.2121887,0.16343689
23-02-2015 18:37,-9.322647,-3.2121887,0.20866394
23-02-2015 18:37,-9.351212,-3.2383728,0.19914246
23-02-2015 18:37,-9.34407,-3.2502747,0.19914246
23-02-2015 18:37,-9.332169,-3.2217102,0.2372284
23-02-2015 18:37,-9.317886,-3.1979065,0.21104431
23-02-2015 18:37,-9.351212,-3.2359924,0.21104431
23-02-2015 18:37,-9.377396,-3.2407532,0.24913025
23-02-2015 18:37,-9.40596,-3.1931458,0.2205658
23-02-2015 18:37,-9.384537,-3.207428,0.21104431
23-02-2015 18:37,-9.379776,-3.264557,0.2443695
23-02-2015 18:37,-9.415482,-3.2431335,0.26579285
23-02-2015 18:37,-9.444046,-3.2288513,0.2610321
23-02-2015 18:37,-9.460709,-3.2359924,0.26817322
23-02-2015 18:37,-9.4535675,-3.2050476,0.2943573
23-02-2015 18:37,-9.420242,-3.278839,0.27293396
23-02-2015 18:37,-9.434525,-3.2740784,0.30625916
23-02-2015 18:37,-9.415482,-3.2764587,0.28959656
23-02-2015 18:37,-9.417862,-3.2883606,0.24674988
23-02-2015 18:37,-9.367874,-3.2883606,0.33006287
23-02-2015 18:37,-9.40358,-3.3193054,0.26341248
23-02-2015 18:37,-9.398819,-3.3478699,0.33720398
23-02-2015 18:37,-9.372635,-3.3526306,0.26579285
23-02-2015 18:37,-9.382156,-3.3526306,0.2776947
23-02-2015 18:37,-9.358353,-3.3383484,0.26341248
23-02-2015 18:37,-9.372635,-3.393097,0.3276825
23-02-2015 18:37,-9.360733,-3.3597717,0.318161
23-02-2015 18:37,-9.375015,-3.3645325,0.318161
23-02-2015 18:37,-9.33931,-3.3478699,0.3110199
23-02-2015 18:37,-9.384537,-3.4097595,0.30387878
23-02-2015 18:37,-9.40358,-3.4145203,0.34910583
23-02-2015 18:37,-9.384537,-3.41214,0.2872162
23-02-2015 18:37,-9.372635,-3.3716736,0.25865173
23-02-2015 18:37,-9.375015,-3.3978577,0.2610321
23-02-2015 18:37,-9.410721,-3.41214,0.27293396
23-02-2015 18:37,-9.3702545,-3.4049988,0.31578064
23-02-2015 18:37,-9.40596,-3.41214,0.3514862
23-02-2015 18:37,-9.384537,-3.4526062,0.32292175
23-02-2015 18:37,-9.413101,-3.4526062,0.3681488
23-02-2015 18:37,-9.417862,-3.4526062,0.36576843
23-02-2015 18:37,-9.422623,-3.4549866,0.35862732
23-02-2015 18:37,-9.372635,-3.4597473,0.35862732
23-02-2015 18:37,-9.422623,-3.47641,0.37290955
23-02-2015 18:37,-9.465469,-3.4740295,0.35862732
23-02-2015 18:37,-9.398819,-3.4906921,0.34196472
23-02-2015 18:37,-9.463089,-3.445465,0.36338806
23-02-2015 18:37,-9.474991,-3.4883118,0.3514862
23-02-2015 18:37,-9.427383,-3.464508,0.3848114
23-02-2015 18:37,-9.47023,-3.5002136,0.3610077
23-02-2015 18:37,-9.465469,-3.5002136,0.35624695
23-02-2015 18:37,-9.508316,-3.5049744,0.37052917
23-02-2015 18:37,-9.529739,-3.495453,0.40623474
23-02-2015 18:37,-9.455948,-3.5049744,0.33958435
23-02-2015 18:37,-9.432144,-3.5240173,0.3348236
23-02-2015 18:37,-9.432144,-3.4549866,0.30863953
23-02-2015 18:37,-9.415482,-3.5168762,0.31340027
23-02-2015 18:37,-9.3892975,-3.5049744,0.33720398
23-02-2015 18:37,-9.396439,-3.4906921,0.3348236
23-02-2015 18:37,-9.363113,-3.4740295,0.318161
23-02-2015 18:37,-9.363113,-3.4621277,0.3514862
23-02-2015 18:37,-9.372635,-3.4883118,0.3776703
23-02-2015 18:37,-9.355972,-3.5144958,0.34672546
23-02-2015 18:37,-9.375015,-3.509735,0.34910583
23-02-2015 18:37,-9.4535675,-3.5263977,0.3681488
23-02-2015 18:37,-9.422623,-3.5121155,0.3681488
23-02-2015 18:37,-9.439285,-3.5192566,0.38719177
23-02-2015 18:37,-9.446426,-3.5335388,0.37290955
23-02-2015 18:37,-9.40834,-3.5311584,0.39671326
23-02-2015 18:37,-9.432144,-3.4930725,0.401474
23-02-2015 18:37,-9.394058,-3.509735,0.3443451
23-02-2015 18:37,-9.360733,-3.5311584,0.3943329
23-02-2015 18:37,-9.398819,-3.464508,0.40623474
23-02-2015 18:37,-9.398819,-3.4716492,0.3681488
23-02-2015 18:37,-9.40596,-3.4716492,0.3681488
23-02-2015 18:37,-9.401199,-3.4883118,0.3610077
23-02-2015 18:37,-9.446426,-3.464508,0.38005066
23-02-2015 18:37,-9.40834,-3.47641,0.31340027
23-02-2015 18:37,-9.432144,-3.502594,0.3919525
23-02-2015 18:37,-9.444046,-3.4692688,0.37528992
23-02-2015 18:37,-9.4535675,-3.4740295,0.35624695
23-02-2015 18:37,-9.429764,-3.4549866,0.3514862
23-02-2015 18:37,-9.413101,-3.4478455,0.38957214
23-02-2015 18:37,-9.40596,-3.4478455,0.35624695
23-02-2015 18:37,-9.367874,-3.4621277,0.38243103
23-02-2015 18:37,-9.33931,-3.4597473,0.30863953
23-02-2015 18:37,-9.329788,-3.445465,0.42289734
23-02-2015 18:37,-9.372635,-3.457367,0.34672546
23-02-2015 18:37,-9.358353,-3.4311829,0.3276825
23-02-2015 18:37,-9.327408,-3.4906921,0.2705536
23-02-2015 18:37,-9.294083,-3.457367,0.29673767
23-02-2015 18:37,-9.310745,-3.445465,0.30387878
23-02-2015 18:37,-9.313126,-3.4502258,0.33006287
23-02-2015 18:37,-9.327408,-3.3954773,0.32054138
23-02-2015 18:37,-9.294083,-3.438324,0.29197693
23-02-2015 18:37,-9.33931,-3.4335632,0.32292175
23-02-2015 18:37,-9.34407,-3.3978577,0.31578064
23-02-2015 18:39,-7.982498,-5.4759216,2.4700165
23-02-2015 18:39,-7.9658356,-5.497345,2.403366
23-02-2015 18:39,-7.942032,-5.4616394,2.434311
23-02-2015 18:39,-7.9467926,-5.447357,2.5128632
23-02-2015 18:39,-7.937271,-5.428314,2.4771576
23-02-2015 18:39,-7.9134674,-5.4664,2.4962006
23-02-2015 18:39,-7.937271,-5.428314,2.4438324
23-02-2015 18:39,-7.9729767,-5.452118,2.4295502
23-02-2015 18:39,-7.999161,-5.4830627,2.415268
23-02-2015 18:39,-8.011063,-5.516388,2.3867035
23-02-2015 18:39,-8.011063,-5.5401917,2.3557587
23-02-2015 18:39,-8.006302,-5.5140076,2.4247894
23-02-2015 18:39,-8.039627,-5.5211487,2.415268
23-02-2015 18:39,-8.013443,-5.516388,2.4390717
23-02-2015 18:39,-7.999161,-5.478302,2.4723969
23-02-2015 18:39,-8.001541,-5.485443,2.4366913
23-02-2015 18:39,-8.0229645,-5.4878235,2.4200287
23-02-2015 18:39,-8.034866,-5.5211487,2.4581146
23-02-2015 18:39,-8.015823,-5.5259094,2.4438324
23-02-2015 18:39,-8.025345,-5.5401917,2.4390717
23-02-2015 18:39,-8.051529,-5.509247,2.486679
23-02-2015 18:39,-8.049149,-5.52829,2.4200287
23-02-2015 18:39,-8.094376,-5.485443,2.4462128
23-02-2015 18:39,-8.096756,-5.5449524,2.4009857
23-02-2015 18:39,-8.039627,-5.5401917,2.4081268
23-02-2015 18:39,-8.006302,-5.575897,2.3748016
23-02-2015 18:39,-7.9729767,-5.5830383,2.3557587
23-02-2015 18:39,-7.9539337,-5.554474,2.3533783
23-02-2015 18:39,-7.918228,-5.554474,2.3605194
23-02-2015 18:39,-7.961075,-5.5592346,2.3486176
23-02-2015 18:39,-7.9325104,-5.59256,2.4105072
23-02-2015 18:39,-7.93013,-5.6020813,2.4105072
23-02-2015 18:39,-7.942032,-5.599701,2.396225
23-02-2015 18:39,-7.963455,-5.5782776,2.3843231
23-02-2015 18:39,-7.9586945,-5.5663757,2.3938446
23-02-2015 18:39,-7.949173,-5.53067,2.4842987
23-02-2015 18:39,-8.015823,-5.5211487,2.3938446
23-02-2015 18:39,-8.06105,-5.516388,2.4295502
23-02-2015 18:39,-8.051529,-5.4997253,2.4247894
23-02-2015 18:39,-8.101517,-5.4949646,2.4438324
23-02-2015 18:39,-8.075333,-5.5259094,2.4652557
23-02-2015 18:39,-8.082474,-5.542572,2.4271698
23-02-2015 18:39,-8.039627,-5.485443,2.3414764
23-02-2015 18:39,-8.046768,-5.490204,2.3557587
23-02-2015 18:39,-8.05629,-5.471161,2.3438568
23-02-2015 18:39,-7.9848785,-5.478302,2.2891083
23-02-2015 18:39,-8.032486,-5.471161,2.339096
23-02-2015 18:39,-8.008682,-5.4878235,2.3367157
23-02-2015 18:39,-8.025345,-5.4997253,2.3414764
23-02-2015 18:39,-8.011063,-5.535431,2.3367157
23-02-2015 18:39,-8.05629,-5.5140076,2.3438568
23-02-2015 18:39,-8.042007,-5.5187683,2.3081512
23-02-2015 18:39,-8.044388,-5.504486,2.396225
23-02-2015 18:39,-8.027725,-5.4664,2.4581146
23-02-2015 18:39,-8.039627,-5.4664,2.4652557
23-02-2015 18:39,-8.006302,-5.4949646,2.4081268
23-02-2015 18:39,-8.025345,-5.509247,2.4842987
23-02-2015 18:39,-8.018204,-5.5211487,2.453354
23-02-2015 18:39,-8.018204,-5.599701,2.4581146
23-02-2015 18:39,-8.013443,-5.542572,2.4700165
23-02-2015 18:39,-8.001541,-5.5330505,2.3819427
23-02-2015 18:39,-7.9467926,-5.497345,2.453354
23-02-2015 18:39,-8.011063,-5.490204,2.3819427
23-02-2015 18:39,-7.9944,-5.5068665,2.3938446
23-02-2015 18:39,-8.046768,-5.504486,2.3557587
23-02-2015 18:39,-8.042007,-5.516388,2.422409
23-02-2015 18:39,-8.089615,-5.471161,2.460495
23-02-2015 18:39,-8.072952,-5.4997253,2.4319305
23-02-2015 18:39,-8.020584,-5.5449524,2.396225
23-02-2015 18:39,-8.103897,-5.53067,2.3795624
23-02-2015 18:39,-8.025345,-5.509247,2.3652802
23-02-2015 18:39,-8.008682,-5.4949646,2.4390717
23-02-2015 18:39,-8.049149,-5.4759216,2.4557343
23-02-2015 18:39,-8.013443,-5.478302,2.4509735
23-02-2015 18:39,-8.039627,-5.4235535,2.339096
23-02-2015 18:39,-7.9967804,-5.447357,2.4105072
23-02-2015 18:39,-8.030106,-5.4735413,2.403366
23-02-2015 18:39,-7.980118,-5.5140076,2.4176483
23-02-2015 18:39,-7.9848785,-5.509247,2.3819427
23-02-2015 18:39,-7.987259,-5.52829,2.370041
23-02-2015 18:39,-7.9658356,-5.542572,2.3533783
23-02-2015 18:39,-8.044388,-5.485443,2.403366
23-02-2015 18:39,-8.063431,-5.4568787,2.3605194
23-02-2015 18:39,-8.068192,-5.4878235,2.4105072
23-02-2015 18:39,-8.139603,-5.4687805,2.3414764
23-02-2015 18:39,-8.06105,-5.5068665,2.396225
23-02-2015 18:39,-8.075333,-5.523529,2.4914398
23-02-2015 18:39,-7.9848785,-5.5211487,2.3557587
23-02-2015 18:39,-7.9586945,-5.5259094,2.350998
23-02-2015 18:39,-7.9777374,-5.4830627,2.358139
23-02-2015 18:39,-7.949173,-5.5401917,2.4105072
23-02-2015 18:39,-7.968216,-5.547333,2.3367157
23-02-2015 18:39,-7.915848,-5.561615,2.3795624
23-02-2015 18:39,-7.892044,-5.5663757,2.312912
23-02-2015 18:39,-7.918228,-5.5449524,2.312912
23-02-2015 18:39,-7.9206085,-5.5782776,2.3867035
23-02-2015 18:39,-7.918228,-5.5520935,2.3795624
23-02-2015 18:39,-7.9586945,-5.5378113,2.3652802
23-02-2015 18:39,-7.987259,-5.516388,2.434311
23-02-2015 18:39,-7.987259,-5.478302,2.5295258
23-02-2015 18:39,-8.0039215,-5.535431,2.479538
23-02-2015 18:50,-7.1684113,-2.6599426,-0.12220764
23-02-2015 18:50,-7.3445587,-2.6718445,-0.20314026
23-02-2015 18:50,-7.563553,-2.7027893,-0.21742249
23-02-2015 18:50,-7.680191,-2.7027893,-0.23408508
23-02-2015 18:50,-7.8753815,-2.7551575,-0.27931213
23-02-2015 18:50,-8.032486,-2.7813416,-0.25312805
23-02-2015 18:50,-8.220535,-2.809906,-0.35310364
23-02-2015 18:50,-8.332413,-2.8218079,-0.3316803
23-02-2015 18:50,-8.470474,-2.8598938,-0.25550842
23-02-2015 18:50,-8.503799,-2.886078,-0.26264954
23-02-2015 18:50,-8.556168,-2.950348,-0.23408508
23-02-2015 18:50,-8.503799,-3.040802,-0.12458801
23-02-2015 18:50,-8.510941,-3.150299,-0.07460022
23-02-2015 18:50,-8.422867,-3.2312317,-0.026992798
23-02-2015 18:50,-8.4014435,-3.316925,0.030136108
23-02-2015 18:50,-8.344315,-3.381195,0.0634613
23-02-2015 18:50,-8.337173,-3.5240173,0.09440613
23-02-2015 18:50,-8.50856,-3.631134,0.10154724
23-02-2015 18:50,-8.725174,-3.7239685,0.089645386
23-02-2015 18:50,-9.132217,-3.8596497,0.13487244
23-02-2015 18:50,-9.713028,-3.9167786,0.07774353
23-02-2015 18:50,-10.443802,-4.0381775,0.20152283
23-02-2015 18:50,-11.238846,-4.0381775,0.09202576
23-02-2015 18:50,-12.145767,-4.111969,-0.06745911
23-02-2015 18:50,-13.114578,-4.05484,-0.19837952
23-02-2015 18:50,-14.104813,-4.0524597,-0.2816925
23-02-2015 18:50,-14.930801,-3.9739075,-0.4459381
23-02-2015 18:50,-15.559219,-3.8453674,-0.45307922
23-02-2015 18:50,-15.718704,-3.752533,-0.43641663
23-02-2015 18:50,-15.494949,-3.612091,-0.41737366
23-02-2015 18:50,-14.880814,-3.4216614,-0.35786438
23-02-2015 18:50,-14.038162,-3.2955017,-0.23646545
23-02-2015 18:50,-13.18837,-3.1860046,-0.13648987
23-02-2015 18:50,-12.438553,-3.143158,0.015853882
23-02-2015 18:50,-11.855362,-3.124115,0.10630798
23-02-2015 18:50,-11.498306,-3.105072,0.087265015
23-02-2015 18:50,-11.39357,-3.1526794,-0.029373169
23-02-2015 18:50,-11.410233,-3.2407532,0.0801239
23-02-2015 18:50,-11.541153,-3.309784,0.13487244
23-02-2015 18:50,-11.738724,-3.4906921,0.07536316
23-02-2015 18:50,-12.03627,-3.5835266,0.0967865
23-02-2015 18:50,-12.398087,-3.6668396,0.11820984
23-02-2015 18:50,-12.776566,-3.7668152,0.1539154
23-02-2015 18:50,-13.152664,-3.7192078,0.23484802
23-02-2015 18:50,-13.514481,-3.7120667,0.37052917
23-02-2015 18:50,-13.857254,-3.740631,0.54667664
23-02-2015 18:50,-14.178604,-3.778717,0.5919037
23-02-2015 18:50,-14.390457,-3.778717,0.6395111
23-02-2015 18:50,-14.540421,-3.8596497,0.66093445
23-02-2015 18:50,-14.59993,-3.9810486,0.5514374
23-02-2015 18:50,-14.566605,-4.0881653,0.43717957
23-02-2015 18:50,-14.438065,-4.2762146,0.3014984
23-02-2015 18:50,-14.171463,-4.4809265,0.15153503
23-02-2015 18:50,-13.890579,-4.5904236,0.008712769
23-02-2015 18:50,-13.500198,-4.7046814,-0.07698059
23-02-2015 18:50,-13.162186,-4.835602,-0.23170471
23-02-2015 18:50,-12.776566,-4.8974915,-0.17219543
23-02-2015 18:50,-12.414749,-4.9165344,-0.207901
23-02-2015 18:50,-12.010086,-4.849884,-0.1507721
23-02-2015 18:50,-11.626846,-4.8237,-0.11268616
23-02-2015 18:50,-11.2816925,-4.7308655,-8.09E-04
23-02-2015 18:50,-10.857986,-4.5594788,0.11820984
23-02-2015 18:50,-10.477127,-4.476166,0.2705536
23-02-2015 18:50,-10.129593,-4.421417,0.4681244
23-02-2015 18:50,-9.801102,-4.2809753,0.63475037
23-02-2015 18:50,-9.386917,-4.2119446,0.863266
23-02-2015 18:50,-9.1393585,-4.1667175,0.9941864
23-02-2015 18:50,-8.898941,-4.0834045,1.1013031
23-02-2015 18:50,-8.660904,-4.009613,1.1655731
23-02-2015 18:50,-8.456192,-3.8977356,1.3321991
23-02-2015 18:50,-8.282425,-3.8763123,1.3869476
23-02-2015 18:50,-8.172928,-3.771576,1.434555
23-02-2015 18:50,-8.046768,-3.7477722,1.517868
23-02-2015 18:50,-7.9586945,-3.66922,1.5892792
23-02-2015 18:50,-7.853958,-3.6858826,1.6345062
23-02-2015 18:50,-7.7539825,-3.6287537,1.6916351
23-02-2015 18:50,-7.730179,-3.7358704,1.6773529
23-02-2015 18:50,-7.687332,-3.8001404,1.6297455
23-02-2015 18:50,-7.654007,-3.8596497,1.620224
23-02-2015 18:50,-7.6635284,-3.9143982,1.555954
23-02-2015 18:50,-7.6254425,-3.9501038,1.4893036
23-02-2015 18:50,-7.6587677,-4.0048523,1.5154877
23-02-2015 18:50,-7.706375,-4.0881653,1.5012054
23-02-2015 18:50,-7.7158966,-4.0834045,1.5250092
23-02-2015 18:50,-7.7539825,-4.131012,1.4369354
23-02-2015 18:50,-7.834915,-4.164337,1.4226532
23-02-2015 18:50,-7.827774,-4.188141,1.4059906
23-02-2015 18:50,-7.9539337,-4.2690735,1.3869476
23-02-2015 18:50,-7.961075,-4.328583,1.4297943
23-02-2015 18:50,-8.053909,-4.369049,1.472641
23-02-2015 18:50,-8.103897,-4.445221,1.5202484
23-02-2015 18:50,-8.144363,-4.4856873,1.5583344
23-02-2015 18:50,-8.132462,-4.528534,1.665451
23-02-2015 18:50,-8.053909,-4.588043,1.5940399
23-02-2015 18:50,-7.9896393,-4.618988,1.6487885
23-02-2015 18:50,-7.9206085,-4.690399,1.6440277
23-02-2015 18:50,-7.8253937,-4.747528,1.6940155
23-02-2015 18:50,-7.725418,-4.7998962,1.6797333
23-02-2015 18:50,-7.6587677,-4.8736877,1.7297211
23-02-2015 18:50,-7.5992584,-4.937958,1.6916351
23-02-2015 18:50,-7.5992584,-4.9617615,1.7130585
23-02-2015 18:52,-5.525955,-1.6673279,-0.52211
23-02-2015 18:52,-5.542618,-1.6054382,-0.46022034
23-02-2015 18:52,-5.5330963,-1.5030823,-0.4554596
23-02-2015 18:52,-5.6306915,-1.4388123,-0.49116516
23-02-2015 18:52,-5.711624,-1.3364563,-0.49830627
23-02-2015 18:52,-5.7401886,-1.2221985,-0.4792633
23-02-2015 18:52,-5.780655,-1.1793518,-0.38404846
23-02-2015 18:52,-5.754471,-1.0984192,-0.35310364
23-02-2015 18:52,-5.7639923,-1.0412903,-0.27693176
23-02-2015 18:52,-5.6878204,-1.0151062,-0.31739807
23-02-2015 18:52,-5.6616364,-1.0341492,-0.31977844
23-02-2015 18:52,-5.633072,-1.0246277,-0.3150177
23-02-2015 18:52,-5.640213,-1.0936584,-0.41261292
23-02-2015 18:52,-5.7330475,-1.1579285,-0.3316803
23-02-2015 18:52,-5.8687286,-1.2079163,-0.3888092
23-02-2015 18:52,-6.090103,-1.3174133,-0.438797
23-02-2015 18:52,-6.416214,-1.3769226,-0.5268707
23-02-2015 18:52,-6.7280426,-1.4459534,-0.5197296
23-02-2015 18:52,-7.025589,-1.5197449,-0.5792389
23-02-2015 18:52,-7.3302765,-1.6173401,-0.5959015
23-02-2015 18:52,-7.6754303,-1.7315979,-0.7030182
23-02-2015 18:52,-7.980118,-1.7696838,-0.7434845
23-02-2015 18:52,-8.246719,-1.8768005,-0.77919006
23-02-2015 18:52,-8.503799,-1.9577332,-0.6792145
23-02-2015 18:52,-8.729935,-2.0862732,-0.6768341
23-02-2015 18:52,-8.977493,-2.207672,-0.7506256
23-02-2015 18:52,-9.2226715,-2.283844,-0.7030182
23-02-2015 18:52,-9.513077,-2.4100037,-0.68159485
23-02-2015 18:52,-9.7892,-2.4742737,-0.7101593
23-02-2015 18:52,-10.193863,-2.5504456,-0.68873596
23-02-2015 18:52,-10.5247345,-2.6480408,-0.7411041
23-02-2015 18:52,-10.938919,-2.7170715,-0.7506256
23-02-2015 18:52,-11.376907,-2.7884827,-0.7125397
23-02-2015 18:52,-11.822037,-2.867035,-0.7292023
23-02-2015 18:52,-12.210037,-2.893219,-0.7601471
23-02-2015 18:52,-12.517105,-2.976532,-0.7577667
23-02-2015 18:52,-12.793228,-3.0574646,-0.7101593
23-02-2015 18:52,-13.145523,-3.0741272,-0.6934967
23-02-2015 18:52,-13.4240265,-3.1360168,-0.7744293
23-02-2015 18:52,-13.771561,-3.1955261,-0.91249084
23-02-2015 18:52,-14.083389,-3.143158,-1.0600739
23-02-2015 18:52,-14.469009,-3.1217346,-1.2695465
23-02-2015 18:52,-14.826065,-3.059845,-1.4385529
23-02-2015 18:52,-15.214066,-3.021759,-1.5837555
23-02-2015 18:52,-15.4830475,-2.9479675,-1.6170807
23-02-2015 18:52,-15.7139435,-2.8717957,-1.6742096
23-02-2015 18:52,-15.856766,-2.8575134,-1.7694244
23-02-2015 18:52,-15.940079,-2.8432312,-1.7908478
23-02-2015 18:52,-16.00673,-2.8575134,-1.7527618
23-02-2015 18:52,-15.968643,-2.90036,-1.6504059
23-02-2015 18:52,-15.963882,-2.976532,-1.5218658
23-02-2015 18:52,-15.935318,-3.021759,-1.3338165
23-02-2015 18:52,-15.685379,-3.086029,-1.1148224
23-02-2015 18:52,-15.535416,-3.1788635,-0.8982086
23-02-2015 18:52,-15.299759,-3.2169495,-0.6863556
23-02-2015 18:52,-15.118851,-3.2478943,-0.49116516
23-02-2015 18:52,-14.878433,-3.3335876,-0.22694397
23-02-2015 18:52,-14.764175,-3.2931213,-0.005569458
23-02-2015 18:52,-14.609451,-3.2574158,0.16581726
23-02-2015 18:52,-14.502335,-3.2050476,0.33958435
23-02-2015 18:52,-14.357132,-3.1336365,0.5014496
23-02-2015 18:52,-14.235733,-3.0360413,0.59428406
23-02-2015 18:52,-14.133377,-2.9979553,0.6823578
23-02-2015 18:52,-14.073868,-2.950348,0.7037811
23-02-2015 18:52,-13.971512,-2.8813171,0.8061371
23-02-2015 18:52,-13.890579,-2.9360657,0.7942352
23-02-2015 18:52,-13.847733,-2.9479675,0.7632904
23-02-2015 18:52,-13.664444,-3.0122375,0.7037811
23-02-2015 18:52,-13.490677,-3.0360413,0.58000183
23-02-2015 18:52,-13.259781,-3.1407776,0.56333923
23-02-2015 18:52,-13.019363,-3.2312317,0.4990692
23-02-2015 18:52,-12.707535,-3.400238,0.35624695
23-02-2015 18:52,-12.429031,-3.4597473,0.33958435
23-02-2015 18:52,-12.102921,-3.5621033,0.43717957
23-02-2015 18:52,-11.707779,-3.73349,0.39909363
23-02-2015 18:52,-11.410233,-3.86203,0.34910583
23-02-2015 18:52,-11.1341095,-3.9810486,0.4086151
23-02-2015 18:52,-10.796097,-4.1548157,0.36338806
23-02-2015 18:52,-10.638992,-4.278595,0.2039032
23-02-2015 18:52,-10.336685,-4.4023743,0.12773132
23-02-2015 18:52,-10.101028,-4.4118958,0.16819763
23-02-2015 18:52,-9.891556,-4.4428406,-0.046035767
23-02-2015 18:52,-9.658279,-4.457123,0.03251648
23-02-2015 18:55,-5.9591827,-3.3240662,2.396225
23-02-2015 18:55,-5.697342,-3.1598206,2.5461884
23-02-2015 18:55,-5.5330963,-2.9455872,2.627121
23-02-2015 18:55,-5.383133,-2.783722,2.6199799
23-02-2015 18:55,-5.2022247,-2.6956482,2.7199554
23-02-2015 18:55,-5.0736847,-2.617096,2.6747284
23-02-2015 18:55,-4.9832306,-2.5671082,2.6675873
23-02-2015 18:55,-4.8546906,-2.57901,2.6747284
23-02-2015 18:55,-4.830887,-2.552826,2.6556854
23-02-2015 18:55,-4.7642365,-2.7242126,2.5771332
23-02-2015 18:55,-4.7785187,-2.8598938,2.5414276
23-02-2015 18:55,-4.7261505,-2.957489,2.5081024
23-02-2015 18:55,-4.761856,-3.1574402,2.4914398
23-02-2015 18:55,-4.8023224,-3.2740784,2.4819183
23-02-2015 18:55,-4.8237457,-3.3502502,2.6128387
23-02-2015 18:55,-4.897537,-3.4502258,2.615219
23-02-2015 18:55,-4.940384,-3.5335388,2.6771088
23-02-2015 18:55,-5.0332184,-3.6668396,2.7509003
23-02-2015 18:55,-5.099869,-3.7168274,2.7651825
23-02-2015 18:55,-5.1379547,-3.8929749,2.7699432
23-02-2015 18:55,-5.2022247,-4.014374,2.7913666
23-02-2015 18:55,-5.185562,-4.100067,2.8056488
23-02-2015 18:55,-5.1736603,-4.1714783,2.8413544
23-02-2015 18:55,-5.2069855,-4.2809753,2.8104095
23-02-2015 18:55,-5.1879425,-4.3476257,2.8223114
23-02-2015 18:55,-5.1760406,-4.399994,2.7604218
23-02-2015 18:55,-5.1688995,-4.497589,2.7723236
23-02-2015 18:55,-5.2260284,-4.5761414,2.8532562
23-02-2015 18:55,-5.292679,-4.6285095,2.8603973
23-02-2015 18:55,-5.4569244,-4.580902,2.9913177
23-02-2015 18:55,-5.6640167,-4.645172,2.9627533
23-02-2015 18:55,-5.859207,-4.5642395,3.0198822
23-02-2015 18:55,-6.109146,-4.50235,3.0294037
23-02-2015 18:55,-6.351944,-4.380951,3.077011
23-02-2015 18:55,-6.5733185,-4.2881165,3.077011
23-02-2015 18:55,-6.8732452,-4.111969,3.0841522
23-02-2015 18:55,-7.089859,-3.99057,3.0674896
23-02-2015 18:55,-7.2921906,-3.8072815,3.0722504
23-02-2015 18:55,-7.518326,-3.6716003,2.9008636
23-02-2015 18:55,-7.7468414,-3.5192566,2.7199554
23-02-2015 18:55,-7.9206085,-3.3121643,2.4057465
23-02-2015 18:55,-8.099136,-3.1526794,2.267685
23-02-2015 18:55,-8.303848,-3.021759,2.0296478
23-02-2015 18:55,-8.534744,-2.9908142,1.9272919
23-02-2015 18:55,-8.734695,-2.9432068,1.7701874
23-02-2015 18:55,-9.003677,-2.919403,1.7297211
23-02-2015 18:55,-9.303604,-2.8456116,1.5988007
23-02-2015 18:55,-9.665421,-2.83609,1.4774017
23-02-2015 18:55,-9.98201,-2.7694397,1.2798309
23-02-2015 18:55,-10.391434,-2.7384949,1.1203461
23-02-2015 18:55,-10.841324,-2.6861267,1.0846405
23-02-2015 18:55,-11.307877,-2.6599426,1.0227509
23-02-2015 18:55,-11.848221,-2.5956726,0.9680023
23-02-2015 18:55,-12.390945,-2.5694885,0.83232117
23-02-2015 18:55,-12.971756,-2.495697,0.798996
23-02-2015 18:55,-13.583511,-2.51474,0.6894989
23-02-2015 18:55,-14.211929,-2.495697,0.41575623
23-02-2015 18:55,-14.847488,-2.4457092,0.14677429
23-02-2015 18:55,-15.552078,-2.476654,-0.14601135
23-02-2015 18:55,-16.230484,-2.431427,-0.48164368
23-02-2015 18:55,-16.925552,-2.4480896,-0.753006
23-02-2015 18:55,-17.534927,-2.4076233,-1.0196075
23-02-2015 18:55,-18.051468,-2.3695374,-1.3719025
23-02-2015 18:55,-18.5085,-2.4076233,-1.5599518
23-02-2015 18:55,-18.96077,-2.4266663,-1.7241974
23-02-2015 18:55,-19.260696,-2.4647522,-1.8813019
23-02-2015 18:55,-17.158829,-2.855133,-1.2076569
23-02-2015 18:55,-17.913406,-2.783722,-1.381424
23-02-2015 18:55,-18.589432,-2.7503967,-1.5266266
23-02-2015 18:55,-19.101212,-2.7027893,-1.6789703
23-02-2015 18:55,-19.446365,-2.6004333,-1.7979889
23-02-2015 18:55,-19.59871,-2.5504456,-1.8860626
23-02-2015 18:55,-19.467789,-2.4909363,-1.8479767
23-02-2015 18:55,-16.33522,-2.9146423,-1.0172272
23-02-2015 18:55,-15.649673,-2.9622498,-0.89582825
23-02-2015 18:55,-15.076004,-2.9693909,-0.73158264
23-02-2015 18:55,-14.571365,-3.0050964,-0.6768341
23-02-2015 18:55,-14.066727,-3.059845,-0.57447815
23-02-2015 18:55,-13.676346,-3.1860046,-0.50068665
23-02-2015 18:55,-13.290726,-3.309784,-0.3983307
23-02-2015 18:55,-12.945572,-3.4668884,-0.41737366
23-02-2015 18:55,-12.519485,-3.695404,-0.45307922
23-02-2015 19:02,-3.8834991,-2.2981262,6.668991
23-02-2015 19:02,-2.9384918,-1.7268372,6.316696
23-02-2015 19:02,-2.9599152,-1.4292908,5.776352
23-02-2015 19:02,-4.216751,-1.4150085,5.7358856
23-02-2015 19:02,-6.0591583,-1.7292175,5.9263153
23-02-2015 19:02,-7.9467926,-2.0172424,6.1976776
23-02-2015 19:02,-9.348831,-2.098175,6.514267
23-02-2015 19:02,-10.317642,-2.0101013,6.526169
23-02-2015 19:02,-10.724686,-1.8982239,6.1215057
23-02-2015 19:02,-10.8199005,-2.0220032,5.9215546
23-02-2015 19:02,-10.598526,-2.1529236,5.8953705
23-02-2015 19:02,-10.255753,-2.0862732,6.1952972
23-02-2015 19:02,-9.739212,-1.757782,6.6023407
23-02-2015 19:02,-9.196487,-1.3959656,7.0569916
23-02-2015 19:02,-8.784683,-1.3102722,7.616379
23-02-2015 19:02,-8.487137,-1.4483337,7.611618
23-02-2015 19:02,-8.418106,-1.8720398,6.9998627
23-02-2015 19:02,-8.491898,-2.3362122,6.6594696
23-02-2015 19:02,-8.308609,-2.802765,6.3428802
23-02-2015 19:02,-7.8253937,-3.0431824,6.4785614
23-02-2015 19:02,-7.306473,-3.066986,6.668991
23-02-2015 19:02,-6.8756256,-3.1645813,6.328598
23-02-2015 19:02,-6.794693,-3.4502258,6.200058
23-02-2015 19:02,-7.0493927,-3.6097107,6.3381195
23-02-2015 19:02,-7.3636017,-3.6168518,6.2595673
23-02-2015 19:02,-7.461197,-3.4335632,6.3452606
23-02-2015 19:02,-7.2731476,-3.1455383,6.392868
23-02-2015 19:02,-7.0089264,-2.8337097,6.604721
23-02-2015 19:02,-6.71138,-2.5075989,6.5380707
23-02-2015 19:02,-6.589981,-2.3457336,5.950119
23-02-2015 19:02,-6.8732452,-2.2743225,5.783493
23-02-2015 19:02,-7.1374664,-2.245758,5.166977
23-02-2015 19:02,-7.3826447,-2.393341,4.9217987
23-02-2015 19:02,-7.3945465,-2.4219055,5.538315
23-02-2015 19:02,-6.9779816,-2.5504456,5.6787567
23-02-2015 19:02,-6.551895,-2.3862,6.1334076
23-02-2015 19:02,-6.3090973,-2.2695618,5.621628
23-02-2015 19:02,-6.5161896,-2.495697,6.1000824
23-02-2015 19:02,-7.123184,-2.6194763,6.238144
23-02-2015 19:02,-7.9206085,-2.8694153,6.835617
23-02-2015 19:02,-8.577591,-2.6932678,7.0498505
23-02-2015 19:02,-8.57283,-2.4338074,6.5690155
23-02-2015 19:02,-8.2491,-2.0672302,6.9474945
23-02-2015 19:02,-7.2588654,-2.0124817,7.3902435
23-02-2015 19:02,-6.242447,-2.0315247,7.733017
23-02-2015 19:02,-5.1355743,-1.9767761,6.7499237
23-02-2015 19:02,-4.716629,-1.9577332,6.6213837
23-02-2015 19:02,-4.985611,-1.7792053,5.9286957
23-02-2015 19:02,-5.987747,-1.9148865,5.5502167
23-02-2015 19:02,-7.2802887,-2.1029358,5.1312714
23-02-2015 19:02,-8.227676,-2.5671082,4.9194183
23-02-2015 19:02,-9.122696,-2.7170715,5.9334564
23-02-2015 19:02,-9.141739,-2.764679,5.840622
23-02-2015 19:02,-8.915604,-2.552826,5.621628
23-02-2015 19:02,-8.413345,-2.3957214,4.886093
23-02-2015 19:02,-8.339554,-2.469513,5.302658
23-02-2015 19:02,-8.287186,-2.7123108,5.371689
23-02-2015 19:02,-8.303848,-3.0765076,6.3500214
23-02-2015 19:02,-7.922989,-3.233612,7.2379
23-02-2015 19:02,-7.0684357,-3.3145447,7.699692
23-02-2015 19:02,-6.1567535,-3.1669617,8.044846
23-02-2015 19:02,-5.356949,-3.1645813,7.0950775
23-02-2015 19:02,-5.1546173,-3.2669373,6.7213593
23-02-2015 19:02,-5.3617096,-3.4026184,5.9477386
23-02-2015 19:02,-6.3995514,-3.4668884,6.361923
23-02-2015 19:02,-7.456436,-3.290741,5.643051
23-02-2015 19:02,-8.477615,-3.1383972,5.25029
23-02-2015 19:02,-9.289322,-3.1455383,5.128891
23-02-2015 19:02,-9.47261,-3.5311584,5.669235
23-02-2015 19:02,-9.3059845,-3.7358704,6.5642548
23-02-2015 19:02,-8.627579,-3.778717,6.514267
23-02-2015 19:02,-8.046768,-3.1741028,6.4928436
23-02-2015 19:02,-7.4088287,-2.4480896,5.488327
23-02-2015 19:02,-7.0422516,-2.1600647,6.047714
23-02-2015 19:02,-6.4543,-2.2029114,6.411911
23-02-2015 19:02,-5.7973175,-2.4980774,7.847275
23-02-2015 19:02,-5.1046295,-2.3909607,8.335251
23-02-2015 19:02,-4.6952057,-2.2124329,7.290268
23-02-2015 19:02,-5.23555,-2.0243835,6.245285
23-02-2015 19:02,-6.544754,-2.3171692,5.6311493
23-02-2015 19:02,-8.470474,-2.7622986,6.1191254
23-02-2015 19:02,-10.065323,-3.328827,6.01915
23-02-2015 19:02,-11.248367,-3.8406067,6.964157
23-02-2015 19:02,-11.169815,-3.854889,7.116501
23-02-2015 19:02,-9.993912,-3.6382751,7.0831757
23-02-2015 19:02,-8.156265,-3.1979065,6.2167206
23-02-2015 19:02,-6.3376617,-3.0122375,6.271469
23-02-2015 19:02,-4.91658,-2.7170715,6.430954
23-02-2015 19:02,-4.319107,-2.7503967,6.3405
23-02-2015 19:02,-4.9142,-2.6123352,6.4476166
23-02-2015 19:02,-6.492386,-2.5195007,6.188156
23-02-2015 19:02,-8.808487,-2.5004578,6.4904633
23-02-2015 19:02,-10.779434,-2.6980286,5.557358
23-02-2015 19:02,-11.960098,-3.0741272,5.5668793
23-02-2015 19:02,-11.864883,-3.1407776,5.174118
23-02-2015 19:02,-10.681839,-3.2169495,4.886093
23-02-2015 19:02,-8.937027,-3.2359924,5.0241547
23-02-2015 19:02,-6.927994,-3.374054,5.3574066
23-02-2015 19:02,-5.190323,-3.1717224,5.673996
23-02-2015 19:02,-3.8073273,-2.8527527,5.2407684
23-02-2015 19:02,-3.3003082,-2.469513,5.693039
23-02-2015 19:02,-3.6883087,-1.9172668,6.1453094
23-02-2015 19:02,-4.954666,-1.7649231,6.5571136
23-02-2015 19:02,-6.7708893,-1.9529724,6.483322
23-02-2015 19:02,-8.475235,-2.4457092,6.059616
23-02-2015 19:02,-9.846329,-2.6670837,6.40477
23-02-2015 19:02,-10.3581085,-2.3124084,6.6975555
23-02-2015 19:02,-9.239334,-1.6768494,6.1143646
23-02-2015 19:02,-7.3445587,-1.2888489,5.8501434
23-02-2015 19:02,-5.306961,-1.276947,6.2881317
23-02-2015 19:02,-3.7597198,-1.4721375,6.528549
23-02-2015 19:02,-3.3550568,-1.4602356,6.335739
23-02-2015 19:02,-4.5095367,-1.1864929,5.4597626
23-02-2015 19:02,-6.780411,-0.8246765,5.2598114
23-02-2015 19:02,-9.003677,-0.63900757,4.371933
23-02-2015 19:02,-10.481888,-0.92941284,4.6885223
23-02-2015 19:02,-10.567581,-1.3364563,5.526413
23-02-2015 19:02,-9.108414,-1.5245056,5.333603
23-02-2015 19:02,-7.0850983,-1.462616,4.629013
23-02-2015 19:02,-5.3736115,-1.4578552,4.1362762
23-02-2015 19:02,-4.6761627,-1.6601868,4.398117
23-02-2015 19:02,-5.004654,-1.9577332,4.550461
23-02-2015 19:02,-6.287674,-1.9743958,5.2098236
23-02-2015 19:02,-7.7349396,-1.636383,5.231247
23-02-2015 19:02,-9.260757,-1.2174377,5.602585
23-02-2015 19:02,-10.636612,-0.7913513,5.866806
23-02-2015 19:02,-11.3650055,-0.70565796,5.923935
23-02-2015 19:02,-11.750626,-0.8580017,6.231003
23-02-2015 19:02,-11.612564,-1.0912781,6.0738983
23-02-2015 19:02,-11.2816925,-1.1864929,6.090561
23-02-2015 19:02,-10.439041,-1.5054626,5.6787567
23-02-2015 19:02,-9.037003,-1.8553772,5.821579
23-02-2015 19:02,-7.0232086,-2.0624695,5.8644257
23-02-2015 19:02,-4.735672,-2.1338806,6.688034
23-02-2015 19:02,-2.4743195,-2.0648499,6.835617
23-02-2015 19:02,-1.0032501,-2.1481628,6.7213593
23-02-2015 19:02,-1.2508087,-1.8196716,6.7046967
23-02-2015 19:02,-3.5216827,-1.2460022,6.283371
23-02-2015 19:02,-7.180313,-1.0151062,5.795395
23-02-2015 19:02,-11.172195,-1.0936584,5.1645966
23-02-2015 19:02,-14.552322,-1.2388611,5.693039
23-02-2015 19:02,-16.07576,-1.4221497,6.6380463
23-02-2015 19:02,-16.254288,-1.3721619,7.49736
23-02-2015 19:02,-13.140762,-1.341217,6.7689667
23-02-2015 19:02,-9.410721,-1.8315735,7.1450653
23-02-2015 19:02,-6.0139313,-2.1529236,6.880844
23-02-2015 19:02,-3.1741486,-1.9791565,5.666855
23-02-2015 19:02,-1.8697052,-1.545929,5.136032
23-02-2015 19:02,-1.2769928,-1.7434998,5.2217255
23-02-2015 19:02,-1.4412384,-2.2314758,6.7999115
23-02-2015 19:02,-2.0125275,-2.302887,7.6401825
23-02-2015 19:02,-3.0075226,-1.6459045,7.0998383
23-02-2015 19:02,-4.4000397,-0.6366272,5.193161
23-02-2015 19:02,-6.116287,-0.26052856,3.660202
23-02-2015 19:02,-8.172928,-0.74612427,3.8696747
23-02-2015 19:02,-10.170059,-1.8363342,5.295517
23-02-2015 19:02,-11.893448,-2.7432556,7.0617523
23-02-2015 19:02,-12.698013,-2.6908875,7.2617035
23-02-2015 19:02,-12.245743,-1.6221008,6.7285004
23-02-2015 19:02,-11.245987,-0.34622192,6.142929
23-02-2015 19:02,-9.967728,0.1465149,6.2690887
23-02-2015 19:02,-9.08699,-0.017730713,6.4357147
23-02-2015 19:02,-8.384781,-0.5604553,6.5571136
23-02-2015 19:02,-7.899185,-0.9413147,7.771103
23-02-2015 19:02,-7.011307,-1.0984192,8.5637665
23-02-2015 19:02,-5.844925,-1.1745911,8.028183
23-02-2015 19:02,-4.747574,-1.4530945,7.04747
23-02-2015 19:02,-4.254837,-1.8482361,6.526169
23-02-2015 19:02,-4.3928986,-2.393341,5.8882294
23-02-2015 19:02,-5.249832,-2.9598694,6.0286713
23-02-2015 19:02,-6.363846,-3.3026428,5.769211
23-02-2015 19:02,-7.642105,-3.445465,5.7620697
23-02-2015 19:02,-9.079849,-3.1145935,5.50737
23-02-2015 19:02,-10.058182,-2.8051453,4.8313446
23-02-2015 19:02,-11.00795,-2.6075745,5.102707
23-02-2015 19:02,-10.867508,-2.5456848,5.2169647
23-02-2015 19:02,-10.031998,-2.3766785,5.988205
23-02-2015 19:02,-8.06105,-2.2100525,5.597824
23-02-2015 19:02,-5.890152,-2.155304,6.3381195
23-02-2015 19:02,-3.8216095,-1.636383,7.021286
23-02-2015 19:02,-2.2362823,-1.1888733,7.0427094
23-02-2015 19:02,-1.9911041,-0.7937317,6.6071014
23-02-2015 19:02,-3.0313263,-0.6770935,6.181015
23-02-2015 19:02,-5.625931,-0.52474976,6.1643524
23-02-2015 19:02,-8.44429,-0.54141235,5.307419
23-02-2015 19:02,-11.126968,-0.9508362,5.1836395
23-02-2015 19:02,-12.86702,-1.5530701,5.552597
23-02-2015 19:02,-13.209793,-2.1767273,6.6451874
23-02-2015 19:02,-11.764908,-2.3433533,7.135544
23-02-2015 19:02,-9.229813,-2.1672058,7.252182
23-02-2015 19:02,-6.7161407,-1.7006531,6.578537
23-02-2015 19:02,-5.011795,-1.5007019,5.745407
23-02-2015 19:02,-4.7142487,-1.4935608,6.102463
23-02-2015 19:02,-5.159378,-1.7815857,6.880844
23-02-2015 19:02,-6.056778,-1.9291687,8.244797
23-02-2015 19:02,-6.794693,-1.7173157,8.056747
23-02-2015 19:02,-7.2921906,-1.3959656,7.49736
23-02-2015 19:02,-7.6516266,-1.3078918,6.552353
23-02-2015 19:02,-7.9467926,-1.8077698,6.0691376
23-02-2015 19:02,-8.239578,-2.393341,5.6573334
23-02-2015 19:02,-8.358597,-3.040802,5.012253
23-02-2015 19:02,-8.5490265,-3.086029,5.2360077
23-02-2015 19:02,-8.341934,-2.8265686,4.8242035
23-02-2015 19:02,-8.265762,-2.2243347,4.8932343
23-02-2015 19:02,-7.858719,-1.6816101,4.2291107
23-02-2015 19:02,-7.744461,-1.4792786,4.8741913
23-02-2015 19:02,-7.615921,-1.3745422,5.6525726
23-02-2015 19:02,-7.3231354,-1.4483337,6.585678
23-02-2015 19:02,-7.006546,-1.2388611,7.0236664
23-02-2015 19:02,-6.749466,-1.212677,7.399765
23-02-2015 19:02,-6.916092,-1.1745911,7.830612
23-02-2015 19:02,-7.270767,-1.4911804,7.637802
23-02-2015 19:02,-8.099136,-1.5863953,7.3759613
23-02-2015 19:02,-8.806107,-1.5792542,5.9739227
23-02-2015 19:02,-9.503555,-1.5887756,5.5121307
23-02-2015 19:02,-9.705887,-1.7458801,5.37883
23-02-2015 19:02,-9.248856,-2.0957947,6.3428802
23-02-2015 19:02,-8.301468,-1.9862976,6.5690155
23-02-2015 19:02,-7.011307,-1.9767761,6.1262665
23-02-2015 19:02,-6.249588,-1.8744202,5.7596893
23-02-2015 19:02,-5.671158,-2.0005798,5.5811615
23-02-2015 19:02,-5.6164093,-2.1386414,5.897751
23-02-2015 19:02,-5.5092926,-2.1053162,5.7477875
23-02-2015 19:02,-5.6164093,-1.9601135,5.8834686
23-02-2015 19:02,-5.768753,-1.8434753,5.938217
23-02-2015 19:02,-6.1615143,-1.841095,6.316696
23-02-2015 19:02,-6.9446564,-1.738739,6.426193
23-02-2015 19:02,-7.963455,-1.5768738,6.097702
23-02-2015 19:02,-9.229813,-1.1650696,5.495468
23-02-2015 19:02,-10.327164,-0.98654175,4.488571
23-02-2015 19:02,-11.205521,-0.94607544,4.4147797
23-02-2015 19:02,-11.345963,-1.0246277,4.5290375
23-02-2015 19:02,-10.653275,-1.0555725,5.181259
23-02-2015 19:02,-9.053665,-1.0293884,5.2145844
23-02-2015 19:02,-7.2017365,-1.2412415,5.8882294
23-02-2015 19:02,-5.6544952,-1.3364563,6.3262177
23-02-2015 19:02,-4.471451,-1.2507629,6.2286224
23-02-2015 19:02,-4.3095856,-1.0293884,6.328598
23-02-2015 19:02,-4.935623,-1.0055847,6.1976776
23-02-2015 19:02,-6.4066925,-1.2745667,6.1786346
23-02-2015 19:02,-8.161026,-1.6197205,6.3047943
23-02-2015 19:02,-9.741592,-1.8577576,6.4999847
23-02-2015 19:02,-10.617569,-1.9743958,6.2095795
23-02-2015 19:02,-10.746109,-1.9981995,5.8882294
23-02-2015 19:02,-9.9986725,-1.8720398,5.2740936
23-02-2015 19:02,-8.887039,-1.7506409,5.181259
23-02-2015 19:02,-7.9063263,-1.5697327,5.4859467
23-02-2015 19:02,-7.1755524,-1.4721375,5.640671
23-02-2015 19:02,-7.108902,-1.3650208,6.1072235
23-02-2015 19:02,-7.563553,-1.2031555,6.1905365
23-02-2015 19:02,-8.470474,-1.2221985,6.668991
23-02-2015 19:02,-9.217911,-1.7030334,6.783249
23-02-2015 19:02,-9.503555,-2.2052917,7.097458
23-02-2015 19:02,-9.184586,-2.3719177,6.7546844
23-02-2015 19:02,-8.296707,-2.155304,6.066757
23-02-2015 19:02,-7.282669,-1.822052,5.662094
23-02-2015 19:02,-6.5042877,-1.8387146,5.4597626
23-02-2015 19:02,-6.2519684,-2.079132,5.4002533
23-02-2015 19:02,-6.616165,-2.374298,5.802536
23-02-2015 19:02,-7.494522,-2.4338074,6.411911
23-02-2015 19:02,-8.25386,-2.3171692,6.4714203
23-02-2015 19:02,-8.837051,-2.3719177,7.0950775
23-02-2015 19:02,-8.9275055,-2.3814392,7.354538
23-02-2015 19:02,-8.641861,-2.2052917,7.2355194
23-02-2015 19:02,-8.201492,-2.079132,6.592819
23-02-2015 19:02,-7.7158966,-2.3171692,6.1786346
23-02-2015 19:02,-7.370743,-2.605194,6.438095
23-02-2015 19:02,-6.8232574,-2.5552063,5.885849
23-02-2015 19:02,-6.2257843,-2.457611,5.0479584
23-02-2015 19:02,-5.723526,-2.4814148,4.8384857
23-02-2015 19:02,-5.609268,-2.4552307,5.6335297
23-02-2015 19:02,-6.049637,-2.026764,5.9263153
23-02-2015 19:02,-7.101761,-1.7173157,5.409775
23-02-2015 19:02,-8.568069,-1.591156,5.1384125
23-02-2015 19:02,-10.072464,-1.8196716,5.5478363
23-02-2015 19:02,-11.253128,-1.9601135,6.071518
23-02-2015 19:02,-11.179337,-2.2528992,6.2476654
23-02-2015 19:02,-10.0629425,-2.4266663,7.0807953
23-02-2015 19:02,-8.115799,-2.1838684,7.1522064
23-02-2015 19:02,-6.154373,-1.9458313,6.5951996
23-02-2015 19:02,-4.761856,-1.9196472,6.1905365
23-02-2015 19:02,-4.1739044,-2.276703,6.3309784
23-02-2015 19:02,-4.428604,-2.636139,7.2878876
23-02-2015 19:02,-5.1688995,-2.8598938,7.956772
23-02-2015 19:02,-6.090103,-2.8789368,7.5045013
23-02-2015 19:02,-7.16127,-2.7932434,6.3381195
23-02-2015 19:02,-8.330032,-2.8694153,5.4335785
23-02-2015 19:02,-9.417862,-3.362152,4.9836884
23-02-2015 19:02,-10.089127,-4.009613,5.4859467
23-02-2015 19:02,-9.879654,-4.542816,6.052475
23-02-2015 19:02,-8.741837,-4.702301,6.4095306
23-02-2015 19:02,-7.173172,-4.540436,6.5832977
23-02-2015 19:02,-5.761612,-4.273834,6.957016
23-02-2015 19:02,-4.9308624,-3.9096375,7.418808
23-02-2015 19:02,-4.799942,-3.4930725,7.464035
23-02-2015 19:02,-5.4831085,-3.0360413,7.528305
23-02-2015 19:02,-6.530472,-2.7575378,7.5187836
23-02-2015 19:02,-7.551651,-2.7884827,7.8020477
23-02-2015 19:02,-8.258621,-3.0693665,7.9020233
23-02-2015 19:02,-8.641861,-3.2312317,7.892502
23-02-2015 19:02,-8.656143,-3.2050476,6.8260956
23-02-2015 19:02,-8.491898,-3.3407288,5.8191986
23-02-2015 19:02,-8.082474,-3.6644592,5.7358856
23-02-2015 19:02,-7.2326813,-3.9858093,5.802536
23-02-2015 19:02,-6.3876495,-4.24765,6.6523285
23-02-2015 19:02,-5.2783966,-4.1738586,6.2857513
23-02-2015 19:02,-4.4262238,-4.145294,6.40477
23-02-2015 19:02,-4.152481,-4.0119934,6.79039
23-02-2015 19:02,-4.3024445,-4.0834045,6.880844
23-02-2015 19:02,-5.228409,-4.0238953,6.657089
23-02-2015 19:02,-6.154373,-3.971527,5.866806
23-02-2015 19:02,-7.1446075,-3.835846,6.116745
23-02-2015 19:02,-7.4469147,-3.676361,6.1453094
23-02-2015 19:02,-7.244583,-3.4335632,6.419052
23-02-2015 19:02,-6.532852,-2.9884338,6.0762787
23-02-2015 19:02,-6.037735,-2.7408752,6.397629
23-02-2015 19:02,-6.0282135,-2.5266418,6.657089
23-02-2015 19:02,-6.6685333,-2.469513,6.8522797
23-02-2015 19:02,-7.999161,-2.5171204,7.2045746
23-02-2015 19:02,-9.34169,-2.7599182,6.6713715
23-02-2015 19:02,-10.693741,-3.0622253,6.835617
23-02-2015 19:02,-11.514969,-3.4478455,7.009384
23-02-2015 19:02,-11.345963,-3.4359436,7.1403046
23-02-2015 19:02,-9.841568,-2.931305,6.3524017
23-02-2015 19:02,-7.9015656,-2.4980774,6.1857758
23-02-2015 19:02,-5.8734894,-2.4528503,5.7858734
23-02-2015 19:02,-4.4881134,-3.0765076,6.366684
23-02-2015 19:02,-4.0905914,-3.6525574,7.3569183
23-02-2015 19:02,-4.7142487,-4.126251,7.218857
23-02-2015 19:02,-6.1615143,-4.169098,6.809433
23-02-2015 19:02,-7.6254425,-3.7501526,6.08342
23-02-2015 19:02,-8.860855,-3.5906677,6.5237885
23-02-2015 19:02,-9.113174,-3.4526062,5.7430267
23-02-2015 19:02,-8.256241,-3.316925,4.9456024
23-02-2015 19:02,-6.9327545,-3.2288513,4.8432465
23-02-2015 19:02,-5.628311,-3.4288025,5.5121307
23-02-2015 19:02,-4.6428375,-3.5978088,5.5859222
23-02-2015 19:02,-4.53096,-3.8477478,5.602585
23-02-2015 19:02,-5.4712067,-3.6906433,6.3071747
23-02-2015 19:02,-6.7470856,-3.0574646,5.7620697
23-02-2015 19:02,-8.299088,-2.3385925,5.707321
23-02-2015 19:02,-9.496414,-1.822052,5.7097015
23-02-2015 19:02,-10.058182,-1.7982483,5.8644257
23-02-2015 19:02,-9.932022,-1.9363098,6.385727
23-02-2015 19:02,-9.039383,-1.9339294,6.797531
23-02-2015 19:02,-7.9586945,-1.6720886,6.711838
23-02-2015 19:02,-6.8161163,-1.5387878,5.871567
